topic_id,n_records,n_subjects,serious_count,top_soc,top_terms,arm_distribution,severity_distribution,signal_score
2,76,43,3,NERVOUS SYSTEM DISORDERS,"{""DIZZINESS"": 32, ""HEADACHE"": 13, ""SYNCOPE"": 10, ""BALANCE DISORDER"": 3, ""LETHARGY"": 2}","{""Xanomeline High Dose"": 42, ""Xanomeline Low Dose"": 31, ""Placebo"": 3}","{""MILD"": 44, ""MODERATE"": 24, ""SEVERE"": 8}",0.6039
8,45,26,0,GENERAL DISORDERS AND ADMINISTRATION SITE CONDITIONS,"{""APPLICATION SITE IRRITATION"": 34, ""APPLICATION SITE PERSPIRATION"": 3, ""APPLICATION SITE WARMTH"": 2, ""MALIGNANT FIBROUS HISTIOCYTOMA"": 2, ""APPLICATION SITE DISCHARGE"": 1}","{""Xanomeline Low Dose"": 24, ""Xanomeline High Dose"": 21}","{""MILD"": 22, ""MODERATE"": 19, ""SEVERE"": 4}",0.6
9,45,29,0,GENERAL DISORDERS AND ADMINISTRATION SITE CONDITIONS,"{""APPLICATION SITE ERYTHEMA"": 45}","{""Xanomeline High Dose"": 23, ""Xanomeline Low Dose"": 19, ""Placebo"": 3}","{""MILD"": 27, ""MODERATE"": 15, ""SEVERE"": 3}",0.58
32,9,9,0,INFECTIONS AND INFESTATIONS,"{""NASOPHARYNGITIS"": 9}","{""Xanomeline High Dose"": 5, ""Xanomeline Low Dose"": 4}","{""MILD"": 9}",0.57
0,84,57,0,SKIN AND SUBCUTANEOUS TISSUE DISORDERS,"{""PRURITUS"": 84}","{""Xanomeline High Dose"": 38, ""Xanomeline Low Dose"": 35, ""Placebo"": 11}","{""MILD"": 54, ""MODERATE"": 29, ""SEVERE"": 1}",0.5607
3,74,42,0,SKIN AND SUBCUTANEOUS TISSUE DISORDERS,"{""RASH"": 38, ""SKIN IRRITATION"": 21, ""RASH ERYTHEMATOUS"": 2, ""RASH MACULO-PAPULAR"": 2, ""RASH PAPULAR"": 2}","{""Xanomeline Low Dose"": 35, ""Xanomeline High Dose"": 29, ""Placebo"": 10}","{""MILD"": 45, ""MODERATE"": 27, ""SEVERE"": 2}",0.5595
5,69,44,0,GENERAL DISORDERS AND ADMINISTRATION SITE CONDITIONS,"{""APPLICATION SITE PRURITUS"": 69}","{""Xanomeline Low Dose"": 32, ""Xanomeline High Dose"": 27, ""Placebo"": 10}","{""MILD"": 45, ""MODERATE"": 23, ""SEVERE"": 1}",0.5565
18,13,11,0,GENERAL DISORDERS AND ADMINISTRATION SITE CONDITIONS,"{""APPLICATION SITE VESICLES"": 13}","{""Xanomeline High Dose"": 6, ""Xanomeline Low Dose"": 5, ""Placebo"": 2}","{""MILD"": 8, ""MODERATE"": 5}",0.5538
23,12,11,0,GENERAL DISORDERS AND ADMINISTRATION SITE CONDITIONS,"{""FATIGUE"": 12}","{""Xanomeline High Dose"": 5, ""Xanomeline Low Dose"": 5, ""Placebo"": 2}","{""MILD"": 10, ""MODERATE"": 2}",0.55
25,11,11,0,SKIN AND SUBCUTANEOUS TISSUE DISORDERS,"{""HYPERHIDROSIS"": 11}","{""Xanomeline High Dose"": 7, ""Placebo"": 2, ""Xanomeline Low Dose"": 2}","{""MILD"": 10, ""MODERATE"": 1}",0.5455
6,66,38,0,"RESPIRATORY, THORACIC AND MEDIASTINAL DISORDERS","{""COUGH"": 16, ""UPPER RESPIRATORY TRACT INFECTION"": 14, ""NASAL CONGESTION"": 8, ""BLOOD GLUCOSE INCREASED"": 3, ""INFLUENZA"": 3}","{""Xanomeline High Dose"": 29, ""Xanomeline Low Dose"": 23, ""Placebo"": 14}","{""MILD"": 49, ""MODERATE"": 17}",0.5364
7,61,39,0,SKIN AND SUBCUTANEOUS TISSUE DISORDERS,"{""ERYTHEMA"": 59, ""PHARYNGEAL ERYTHEMA"": 2}","{""Xanomeline Low Dose"": 24, ""Xanomeline High Dose"": 24, ""Placebo"": 13}","{""MILD"": 38, ""MODERATE"": 23}",0.5361
10,39,22,0,GENERAL DISORDERS AND ADMINISTRATION SITE CONDITIONS,"{""APPLICATION SITE DERMATITIS"": 36, ""DERMATITIS CONTACT"": 2, ""DERMATITIS ATOPIC"": 1}","{""Xanomeline Low Dose"": 17, ""Xanomeline High Dose"": 12, ""Placebo"": 10}","{""MILD"": 25, ""MODERATE"": 13, ""SEVERE"": 1}",0.5231
1,77,46,0,GASTROINTESTINAL DISORDERS,"{""DIARRHOEA"": 21, ""NAUSEA"": 21, ""VOMITING"": 16, ""ABDOMINAL PAIN"": 6, ""HIATUS HERNIA"": 2}","{""Xanomeline High Dose"": 31, ""Placebo"": 24, ""Xanomeline Low Dose"": 22}","{""MILD"": 54, ""MODERATE"": 20, ""SEVERE"": 3}",0.5065
4,74,39,0,CARDIAC DISORDERS,"{""SINUS BRADYCARDIA"": 20, ""MYOCARDIAL INFARCTION"": 14, ""ATRIAL FIBRILLATION"": 7, ""BRADYCARDIA"": 4, ""HEART RATE IRREGULAR"": 4}","{""Xanomeline High Dose"": 31, ""Placebo"": 24, ""Xanomeline Low Dose"": 19}","{""MILD"": 56, ""MODERATE"": 17, ""SEVERE"": 1}",0.5027
19,13,9,0,NERVOUS SYSTEM DISORDERS,"{""SOMNOLENCE"": 9, ""TRANSIENT ISCHAEMIC ATTACK"": 4}","{""Xanomeline Low Dose"": 8, ""Placebo"": 3, ""Xanomeline High Dose"": 2}","{""MODERATE"": 6, ""MILD"": 5, ""SEVERE"": 2}",0.5008
12,21,15,0,MUSCULOSKELETAL AND CONNECTIVE TISSUE DISORDERS,"{""BACK PAIN"": 7, ""ARTHRITIS"": 3, ""MUSCLE SPASMS"": 3, ""SHOULDER PAIN"": 3, ""FLANK PAIN"": 2}","{""Xanomeline High Dose"": 9, ""Placebo"": 7, ""Xanomeline Low Dose"": 5}","{""MILD"": 11, ""MODERATE"": 8, ""SEVERE"": 2}",0.5
11,35,25,0,PSYCHIATRIC DISORDERS,"{""ANXIETY"": 6, ""AGITATION"": 5, ""CONFUSIONAL STATE"": 5, ""DEPRESSED MOOD"": 3, ""IRRITABILITY"": 3}","{""Xanomeline Low Dose"": 13, ""Placebo"": 12, ""Xanomeline High Dose"": 10}","{""MILD"": 17, ""MODERATE"": 16, ""SEVERE"": 2}",0.4971
21,13,8,0,CARDIAC DISORDERS,"{""VENTRICULAR EXTRASYSTOLES"": 5, ""SUPRAVENTRICULAR EXTRASYSTOLES"": 5, ""VENTRICULAR SEPTAL DEFECT"": 3}","{""Xanomeline Low Dose"": 7, ""Xanomeline High Dose"": 4, ""Placebo"": 2}","{""MILD"": 10, ""MODERATE"": 3}",0.4938
29,10,6,0,GENERAL DISORDERS AND ADMINISTRATION SITE CONDITIONS,"{""MALAISE"": 5, ""SECRETION DISCHARGE"": 2, ""FEELING ABNORMAL"": 1, ""ALCOHOL USE"": 1, ""BIOPSY"": 1}","{""Xanomeline High Dose"": 6, ""Xanomeline Low Dose"": 4}","{""MILD"": 9, ""MODERATE"": 1}",0.48
46,6,6,0,SKIN AND SUBCUTANEOUS TISSUE DISORDERS,"{""HYPERHIDROSIS"": 6}","{""Xanomeline High Dose"": 3, ""Xanomeline Low Dose"": 3}","{""MILD"": 3, ""MODERATE"": 3}",0.48
28,10,8,0,GENERAL DISORDERS AND ADMINISTRATION SITE CONDITIONS,"{""PAIN"": 3, ""APPLICATION SITE PAIN"": 2, ""PELVIC PAIN"": 2, ""NEUTROPHIL COUNT INCREASED"": 1, ""HYPERSENSITIVITY"": 1}","{""Xanomeline Low Dose"": 5, ""Xanomeline High Dose"": 3, ""Placebo"": 2}","{""MILD"": 6, ""MODERATE"": 4}",0.48
27,10,6,0,SKIN AND SUBCUTANEOUS TISSUE DISORDERS,"{""BLISTER"": 10}","{""Xanomeline Low Dose"": 8, ""Xanomeline High Dose"": 2}","{""MODERATE"": 5, ""MILD"": 3, ""SEVERE"": 2}",0.48
14,15,12,0,RENAL AND URINARY DISORDERS,"{""MICTURITION URGENCY"": 4, ""URINE ANALYSIS ABNORMAL"": 2, ""POLLAKIURIA"": 2, ""NEPHROLITHIASIS"": 2, ""DYSURIA"": 2}","{""Placebo"": 6, ""Xanomeline Low Dose"": 5, ""Xanomeline High Dose"": 4}","{""MILD"": 11, ""MODERATE"": 4}",0.48
22,12,9,0,INFECTIONS AND INFESTATIONS,"{""NASOPHARYNGITIS"": 12}","{""Xanomeline Low Dose"": 5, ""Placebo"": 4, ""Xanomeline High Dose"": 3}","{""MILD"": 8, ""MODERATE"": 3, ""SEVERE"": 1}",0.47
16,14,9,0,"INJURY, POISONING AND PROCEDURAL COMPLICATIONS","{""FALL"": 5, ""HIP FRACTURE"": 3, ""SKIN LACERATION"": 2, ""WOUND"": 2, ""WOUND HAEMORRHAGE"": 1}","{""Placebo"": 5, ""Xanomeline Low Dose"": 5, ""Xanomeline High Dose"": 4}","{""MILD"": 7, ""MODERATE"": 5, ""SEVERE"": 2}",0.4629
41,7,5,0,"RESPIRATORY, THORACIC AND MEDIASTINAL DISORDERS","{""RHINORRHOEA"": 4, ""EPISTAXIS"": 3}","{""Xanomeline High Dose"": 4, ""Xanomeline Low Dose"": 3}","{""MILD"": 7}",0.45
47,6,5,0,GENERAL DISORDERS AND ADMINISTRATION SITE CONDITIONS,"{""APPLICATION SITE SWELLING"": 4, ""APPLICATION SITE BLEEDING"": 1, ""SWELLING"": 1}","{""Xanomeline High Dose"": 3, ""Xanomeline Low Dose"": 3}","{""MODERATE"": 4, ""MILD"": 2}",0.45
34,8,4,0,SKIN AND SUBCUTANEOUS TISSUE DISORDERS,"{""URTICARIA"": 5, ""APPLICATION SITE URTICARIA"": 3}","{""Xanomeline Low Dose"": 5, ""Xanomeline High Dose"": 3}","{""MILD"": 6, ""MODERATE"": 2}",0.42
17,13,9,0,METABOLISM AND NUTRITION DISORDERS,"{""INCREASED APPETITE"": 4, ""DECREASED APPETITE"": 4, ""FOOD CRAVING"": 2, ""HYPERCHOLESTEROLAEMIA"": 1, ""DEHYDRATION"": 1}","{""Placebo"": 7, ""Xanomeline High Dose"": 5, ""Xanomeline Low Dose"": 1}","{""MILD"": 8, ""MODERATE"": 5}",0.4085
38,7,5,0,MUSCULOSKELETAL AND CONNECTIVE TISSUE DISORDERS,"{""ARTHRALGIA"": 6, ""MYALGIA"": 1}","{""Xanomeline Low Dose"": 4, ""Xanomeline High Dose"": 2, ""Placebo"": 1}","{""MILD"": 4, ""MODERATE"": 3}",0.4071
15,15,10,0,EYE DISORDERS,"{""CONJUNCTIVITIS"": 4, ""VISION BLURRED"": 3, ""CATARACT OPERATION"": 2, ""EYE ALLERGY"": 1, ""EYE PRURITUS"": 1}","{""Placebo"": 10, ""Xanomeline Low Dose"": 3, ""Xanomeline High Dose"": 2}","{""MILD"": 8, ""MODERATE"": 7}",0.4
35,8,7,0,CARDIAC DISORDERS,"{""ATRIOVENTRICULAR BLOCK SECOND DEGREE"": 6, ""ATRIOVENTRICULAR BLOCK FIRST DEGREE"": 2}","{""Xanomeline High Dose"": 4, ""Placebo"": 3, ""Xanomeline Low Dose"": 1}","{""MILD"": 5, ""MODERATE"": 2, ""SEVERE"": 1}",0.3975
39,7,4,0,"INJURY, POISONING AND PROCEDURAL COMPLICATIONS","{""CONTUSION"": 7}","{""Xanomeline High Dose"": 3, ""Xanomeline Low Dose"": 3, ""Placebo"": 1}","{""MILD"": 6, ""MODERATE"": 1}",0.3771
26,11,7,0,GENERAL DISORDERS AND ADMINISTRATION SITE CONDITIONS,"{""OEDEMA PERIPHERAL"": 9, ""OEDEMA"": 2}","{""Placebo"": 5, ""Xanomeline Low Dose"": 3, ""Xanomeline High Dose"": 3}","{""MILD"": 7, ""MODERATE"": 4}",0.3736
30,10,2,0,GENERAL DISORDERS AND ADMINISTRATION SITE CONDITIONS,"{""APPLICATION SITE ERYTHEMA"": 1, ""APPLICATION SITE PRURITUS"": 1, ""CONFUSIONAL STATE"": 1, ""DYSPNOEA"": 1, ""INCONTINENCE"": 1}","{""Xanomeline Low Dose"": 9, ""Xanomeline High Dose"": 1}","{""MILD"": 6, ""MODERATE"": 3, ""SEVERE"": 1}",0.36
48,6,4,0,VASCULAR DISORDERS,"{""HYPERTENSION"": 5, ""HOT FLUSH"": 1}","{""Xanomeline Low Dose"": 2, ""Xanomeline High Dose"": 2, ""Placebo"": 2}","{""MILD"": 3, ""MODERATE"": 3}",0.32
49,6,4,0,GASTROINTESTINAL DISORDERS,"{""DYSPEPSIA"": 5, ""DYSPHAGIA"": 1}","{""Xanomeline Low Dose"": 3, ""Placebo"": 2, ""Xanomeline High Dose"": 1}","{""MODERATE"": 4, ""MILD"": 2}",0.32
44,6,5,0,PSYCHIATRIC DISORDERS,"{""INSOMNIA"": 5, ""HYPERSOMNIA"": 1}","{""Placebo"": 3, ""Xanomeline High Dose"": 3}","{""MILD"": 6}",0.3
40,7,4,0,REPRODUCTIVE SYSTEM AND BREAST DISORDERS,"{""BENIGN PROSTATIC HYPERPLASIA"": 3, ""CYST"": 1, ""BIOPSY PROSTATE"": 1, ""CYSTOSCOPY"": 1, ""PROSTATE CANCER"": 1}","{""Xanomeline High Dose"": 3, ""Placebo"": 3, ""Xanomeline Low Dose"": 1}","{""MILD"": 3, ""MODERATE"": 2, ""SEVERE"": 2}",0.2914
24,11,5,0,GENERAL DISORDERS AND ADMINISTRATION SITE CONDITIONS,"{""CHILLS"": 6, ""COLD SWEAT"": 3, ""FEELING COLD"": 1, ""BODY TEMPERATURE INCREASED"": 1}","{""Placebo"": 6, ""Xanomeline Low Dose"": 3, ""Xanomeline High Dose"": 2}","{""MODERATE"": 6, ""MILD"": 5}",0.2864
37,7,5,0,INVESTIGATIONS,"{""ELECTROCARDIOGRAM T WAVE INVERSION"": 5, ""ELECTROCARDIOGRAM T WAVE AMPLITUDE DECREASED"": 2}","{""Placebo"": 4, ""Xanomeline Low Dose"": 2, ""Xanomeline High Dose"": 1}","{""MILD"": 7}",0.2786
13,16,8,0,INFECTIONS AND INFESTATIONS,"{""URINARY TRACT INFECTION"": 5, ""UPPER RESPIRATORY TRACT INFECTION"": 2, ""LOCALISED INFECTION"": 2, ""CERVICITIS"": 2, ""VAGINAL MYCOSIS"": 2}","{""Placebo"": 14, ""Xanomeline Low Dose"": 1, ""Xanomeline High Dose"": 1}","{""MILD"": 16}",0.2775
43,6,4,0,"INJURY, POISONING AND PROCEDURAL COMPLICATIONS","{""EXCORIATION"": 6}","{""Placebo"": 3, ""Xanomeline Low Dose"": 2, ""Xanomeline High Dose"": 1}","{""MILD"": 3, ""MODERATE"": 3}",0.27
20,13,8,0,GENERAL DISORDERS AND ADMINISTRATION SITE CONDITIONS,"{""APPLICATION SITE IRRITATION"": 7, ""PYREXIA"": 3, ""APPLICATION SITE REACTION"": 2, ""APPLICATION SITE INDURATION"": 1}","{""Placebo"": 12, ""Xanomeline High Dose"": 1}","{""MILD"": 9, ""MODERATE"": 4}",0.2631
45,6,5,0,INVESTIGATIONS,"{""ELECTROCARDIOGRAM ST SEGMENT DEPRESSION"": 6}","{""Placebo"": 4, ""Xanomeline Low Dose"": 2}","{""MILD"": 6}",0.25
31,9,8,0,NERVOUS SYSTEM DISORDERS,"{""HEADACHE"": 8, ""PARKINSON'S DISEASE"": 1}","{""Placebo"": 9}","{""MILD"": 6, ""MODERATE"": 3}",0.24
33,8,5,0,VASCULAR DISORDERS,"{""HYPOTENSION"": 4, ""ORTHOSTATIC HYPOTENSION"": 2, ""HYPERBILIRUBINAEMIA"": 1, ""HYPONATRAEMIA"": 1}","{""Placebo"": 7, ""Xanomeline Low Dose"": 1}","{""MILD"": 5, ""MODERATE"": 3}",0.1875
42,7,4,0,INFECTIONS AND INFESTATIONS,"{""EAR INFECTION"": 4, ""EAR PAIN"": 2, ""TINNITUS"": 1}","{""Placebo"": 6, ""Xanomeline Low Dose"": 1}","{""MILD"": 6, ""MODERATE"": 1}",0.1629
36,8,5,0,"RESPIRATORY, THORACIC AND MEDIASTINAL DISORDERS","{""COUGH"": 4, ""HAEMOPTYSIS"": 2, ""RALES"": 1, ""EMPHYSEMA"": 1}","{""Placebo"": 8}","{""MILD"": 8}",0.15
50,6,4,0,SKIN AND SUBCUTANEOUS TISSUE DISORDERS,"{""SKIN IRRITATION"": 4, ""DRUG ERUPTION"": 1, ""ALOPECIA"": 1}","{""Placebo"": 6}","{""MILD"": 4, ""MODERATE"": 2}",0.12
